{"cameraMode":{"drawMode":0,"name":"Shaded","section":"Shading Mode"},"sceneLighting":false,"audioPlay":false,"sceneViewState":{"showFog":true,"showMaterialUpdate":false,"showSkybox":false,"showFlares":true,"showImageEffects":true,"showParticleSystems":true},"in2DMode":false,"pivot":{"x":3.0159854888916017,"y":-6.388151168823242,"z":6.313365936279297},"rotation":{"x":0.07163454592227936,"y":-0.49821755290031435,"z":0.041360899806022647,"w":0.8631279468536377},"size":2.282320499420166,"orthographic":false}