{"cameraMode":{"drawMode":0,"name":"Shaded","section":"Shading Mode"},"sceneLighting":false,"audioPlay":false,"sceneViewState":{"showFog":true,"showMaterialUpdate":false,"showSkybox":false,"showFlares":true,"showImageEffects":true,"showParticleSystems":true},"in2DMode":false,"pivot":{"x":801.6416015625,"y":417.0583190917969,"z":0.0},"rotation":{"x":0.07224920392036438,"y":0.0000016340890169885825,"z":0.00007077662303345278,"w":0.9974212050437927},"size":74.7645263671875,"orthographic":false}