{"cameraMode":{"drawMode":0,"name":"Shaded","section":"Shading Mode"},"sceneLighting":false,"audioPlay":false,"sceneViewState":{"showFog":true,"showMaterialUpdate":false,"showSkybox":false,"showFlares":true,"showImageEffects":true,"showParticleSystems":true},"in2DMode":false,"pivot":{"x":1.0353052616119385,"y":0.17365288734436036,"z":-1.0722366571426392},"rotation":{"x":0.054753657430410388,"y":0.925733745098114,"z":-0.1473100185394287,"w":0.3440154492855072},"size":1.3045084476470948,"orthographic":false}