{"cameraMode":{"drawMode":0,"name":"Shaded","section":"Shading Mode"},"sceneLighting":false,"audioPlay":false,"sceneViewState":{"showFog":true,"showMaterialUpdate":false,"showSkybox":false,"showFlares":true,"showImageEffects":true,"showParticleSystems":true},"in2DMode":false,"pivot":{"x":145.36386108398438,"y":120.69290161132813,"z":15.05133056640625},"rotation":{"x":-0.024287352338433267,"y":-0.047062214463949206,"z":0.0010326977353543044,"w":-0.9986639022827148},"size":300.4666442871094,"orthographic":false}