{"cameraMode":{"drawMode":0,"name":"Shaded","section":"Shading Mode"},"sceneLighting":false,"audioPlay":false,"sceneViewState":{"showFog":true,"showMaterialUpdate":false,"showSkybox":false,"showFlares":true,"showImageEffects":true,"showParticleSystems":true},"in2DMode":false,"pivot":{"x":32.04853057861328,"y":15.094810485839844,"z":14.65350341796875},"rotation":{"x":-0.10809609293937683,"y":-0.014017880894243718,"z":0.0014101831475272775,"w":-0.9941071271896362},"size":195.52748107910157,"orthographic":false}