{"cameraMode":{"drawMode":0,"name":"Shaded","section":"Shading Mode"},"sceneLighting":true,"audioPlay":false,"sceneViewState":{"showFog":true,"showMaterialUpdate":false,"showSkybox":true,"showFlares":true,"showImageEffects":true,"showParticleSystems":true},"in2DMode":false,"pivot":{"x":0.02020399086177349,"y":2.388047695159912,"z":-7.536319255828857},"rotation":{"x":0.060277409851551059,"y":-0.0033036591485142709,"z":0.00046552400453947484,"w":0.998252809047699},"size":0.652058482170105,"orthographic":false}