{"cameraMode":{"drawMode":0,"name":"Shaded","section":"Shading Mode"},"sceneLighting":false,"audioPlay":false,"sceneViewState":{"showFog":true,"showMaterialUpdate":false,"showSkybox":false,"showFlares":true,"showImageEffects":true,"showParticleSystems":true},"in2DMode":false,"pivot":{"x":28.398609161376954,"y":6.426959991455078,"z":1.501251220703125},"rotation":{"x":-0.08869904279708862,"y":-0.0020896124187856914,"z":0.00007260130223585293,"w":-0.9961234331130981},"size":34.096187591552737,"orthographic":false}