{"cameraMode":{"drawMode":0,"name":"Shaded","section":"Shading Mode"},"sceneLighting":false,"audioPlay":false,"sceneViewState":{"showFog":true,"showMaterialUpdate":false,"showSkybox":false,"showFlares":true,"showImageEffects":true,"showParticleSystems":true},"in2DMode":false,"pivot":{"x":-0.0021648406982421877,"y":0.864750862121582,"z":-0.15092620253562928},"rotation":{"x":-0.077447809278965,"y":0.7431361079216003,"z":-0.0873434916138649,"w":-0.6588971018791199},"size":2.3728532791137697,"orthographic":false}