{"cameraMode":{"drawMode":0,"name":"Shaded","section":"Shading Mode"},"sceneLighting":true,"audioPlay":false,"sceneViewState":{"showFog":true,"showMaterialUpdate":false,"showSkybox":true,"showFlares":true,"showImageEffects":true,"showParticleSystems":true},"in2DMode":false,"pivot":{"x":-3.6327950954437258,"y":-4.285585880279541,"z":-7.933999538421631},"rotation":{"x":-0.04733312129974365,"y":0.9525739550590515,"z":-0.21952661871910096,"w":-0.2054135650396347},"size":6.039444446563721,"orthographic":false}